<?xml version="1.0" encoding="UTF-8"?>

<!-- generated on 2025-10-16 14:15:11 by Eclipse SUMO sumo Version 1.24.0
<sumoConfiguration xmlns:xsi="http://www.w3.org/2001/XMLSchema-instance" xsi:noNamespaceSchemaLocation="http://sumo.dlr.de/xsd/sumoConfiguration.xsd">

    <input>
        <net-file value="D:/Class notes and stuff/Sem 5/Soft_Computing/CN+ Dataset/CN+ Dataset/SUMO Format/Infrastructure Files/CN+_Dataset.net.xml"/>
        <route-files value="D:/Class notes and stuff/Sem 5/Soft_Computing/CN+ Dataset/CN+ Dataset/SUMO Format/Scenario Files/2022.05.24_18_00-19_00.rou.xml"/>
        <additional-files value="D:/Class notes and stuff/Sem 5/Soft_Computing/CN+ Dataset/CN+ Dataset/SUMO Format/Infrastructure Files/CN+_Dataset.add.xml"/>
    </input>

    <output>
        <statistic-output value="statistics_baseline.xml"/>
    </output>

    <time>
        <begin value="0"/>
        <end value="5000"/>
    </time>

    <report>
        <verbose value="true"/>
        <no-step-log value="true"/>
    </report>

</sumoConfiguration>
-->

<statistics xmlns:xsi="http://www.w3.org/2001/XMLSchema-instance" xsi:noNamespaceSchemaLocation="http://sumo.dlr.de/xsd/statistic_file.xsd">
    <performance clockBegin="187885.90" clockEnd="187886.52" clockDuration="0.63" traciDuration="2.14" realTimeFactor="7987.22" vehicleUpdatesPerSecond="39199.68" personUpdatesPerSecond="0.00" begin="0.00" end="5000.00" duration="5000.00"/>
    <vehicles loaded="596" inserted="596" running="0" waiting="0"/>
    <teleports total="0" jam="0" yield="0" wrongLane="0"/>
    <safety collisions="0" emergencyStops="0" emergencyBraking="0"/>
    <persons loaded="0" running="0" jammed="0"/>
    <personTeleports total="0" abortWait="0" wrongDest="0"/>
</statistics>
